train_rmse,test_rmse,train_mae,test_mae,train_r2,test_r2,cv_rmse
18904.06213973616,83088.76738236108,12111.929834688188,23929.449599140444,0.9400854142174658,0.09994137424673333,54114.4998020019
