degree,alpha,cv_rmse
1,0.1,38553.93180851771
1,1.0,38504.7848348142
1,10.0,38375.495359827706
1,100.0,38225.475152693645
2,0.1,49203.53455642314
2,1.0,43856.46876913673
2,10.0,32664.62617161247
2,100.0,33368.94875923169
3,0.1,72200.03023587442
3,1.0,101943.34160304519
3,10.0,96211.7903873674
3,100.0,56901.32107626721
